,year,genre,rating,Director,Top_5_cast,Images
Rang De Basanti,(2006),"Comedy, Crime, Drama",8.1,Rakeysh Omprakash Mehra,"['Aamir Khan', 'Soha Ali Khan', 'Siddharth', 'Sharman Joshi']","https://m.media-amazon.com/images/M/MV5BYThmZDA0YmQtMWJhNy00MDQwLTk0Y2YtMDhmZTE5ZjhlNjliXkEyXkFqcGdeQXVyODE5NzE3OTE@._V1_UY209_CR3,0,140,209_AL_.jpg"
3 Idiots,(2009),"Comedy, Drama",8.4,Rajkumar Hirani,"['Aamir Khan', 'Madhavan', 'Mona Singh', 'Sharman Joshi']","https://m.media-amazon.com/images/M/MV5BNTkyOGVjMGEtNmQzZi00NzFlLTlhOWQtODYyMDc2ZGJmYzFhXkEyXkFqcGdeQXVyNjU0OTQ0OTY@._V1_UY209_CR2,0,140,209_AL_.jpg"
Taare Zameen Par,(2007),"Drama, Family",8.3,Aamir Khan,"['Amole Gupte', 'Darsheel Safary', 'Aamir Khan', 'Tisca Chopra', 'Vipin Sharma']","https://m.media-amazon.com/images/M/MV5BYjY0MGU3MmQtMGVhOS00M2IyLWI1MTktZGUxMzBjMTE5ZDA3XkEyXkFqcGdeQXVyNjU0OTQ0OTY@._V1_UY209_CR2,0,140,209_AL_.jpg"
Dil Chahta Hai,(2001),"Comedy, Drama, Romance",8.1,Farhan Akhtar,"['Aamir Khan', 'Saif Ali Khan', 'Akshaye Khanna', 'Preity G Zinta']","https://m.media-amazon.com/images/M/MV5BMjRjMTYwMTYtMmRkNi00MmVkLWE0MjQtNmM3YjI0NWFhZDNmXkEyXkFqcGdeQXVyODE5NzE3OTE@._V1_UX140_CR0,0,140,209_AL_.jpg"
"Swades: We, the People",(2004),"Drama, Musical",8.2,Ashutosh Gowariker,"['Shah Rukh Khan', 'Gayatri Joshi', 'Kishori Ballal', 'Smith Seth']","https://m.media-amazon.com/images/M/MV5BODY2NGYxZTEtMzBiOS00Zjg2LWEyZjYtNjQ5Mjg1MzQ5N2FlXkEyXkFqcGdeQXVyNTE0MDc0NTM@._V1_UY209_CR2,0,140,209_AL_.jpg"
Lagaan: Once Upon a Time in India,(2001),"Drama, Musical, Sport",8.1,Ashutosh Gowariker,"['Aamir Khan', 'Raghubir Yadav', 'Gracy Singh', 'Rachel Shelley']","https://m.media-amazon.com/images/M/MV5BNDYxNWUzZmYtOGQxMC00MTdkLTkxOTctYzkyOGIwNWQxZjhmXkEyXkFqcGdeQXVyNjU0OTQ0OTY@._V1_UX140_CR0,0,140,209_AL_.jpg"
Gangs of Wasseypur,(2012),"Action, Comedy, Crime",8.2,Anurag Kashyap,"['Manoj Bajpayee', 'Nawazuddin Siddiqui', 'Tigmanshu Dhulia', 'Richa Chadha']","https://m.media-amazon.com/images/M/MV5BMTc5NjY4MjUwNF5BMl5BanBnXkFtZTgwODM3NzM5MzE@._V1_UY209_CR0,0,140,209_AL_.jpg"
Barfi!,(2012),"Comedy, Drama, Romance",8.1,Anurag Basu,"['Ranbir Kapoor', 'Priyanka Chopra Jonas', ""Ileana D'Cruz"", 'Saurabh Shukla']","https://m.media-amazon.com/images/M/MV5BMTQzMTEyODY2Ml5BMl5BanBnXkFtZTgwMjA0MDUyMjE@._V1_UY209_CR2,0,140,209_AL_.jpg"
Anand,(1971),"Drama, Musical",8.1,Hrishikesh Mukherjee,"['Rajesh Khanna', 'Amitabh Bachchan', 'Sumita Sanyal', 'Ramesh Deo']","https://m.media-amazon.com/images/M/MV5BMzI4MjcxNGMtZmY1Zi00ZGU5LTk4MDMtNTljMDJmYTNjZjcxXkEyXkFqcGdeQXVyMTA0MTM5NjI2._V1_UX140_CR0,0,140,209_AL_.jpg"
Munna Bhai M.B.B.S.,(2003),"Comedy, Drama",8.1,Rajkumar Hirani,"['Sanjay Dutt', 'Arshad Warsi', 'Gracy Singh', 'Boman Irani']","https://m.media-amazon.com/images/M/MV5BMzJhMjI0ZmYtZTQ3My00YTliLWE4ZmMtMjJmMzcyNDcwYTI5XkEyXkFqcGdeQXVyODk2ODI3MTU@._V1_UX140_CR0,0,140,209_AL_.jpg"
A Wednesday,(2008),"Action, Crime, Drama",8.1,Neeraj Pandey,"['Anupam Kher', 'Naseeruddin Shah', 'Veerendra Saxena', 'Mahesh Kanual']","https://m.media-amazon.com/images/M/MV5BOTcwMzdiMWItMjZlOS00MzAzLTg5OTItNTA4OGYyMjBhMmRiXkEyXkFqcGdeQXVyODE5NzE3OTE@._V1_UY209_CR3,0,140,209_AL_.jpg"
Andaz Apna Apna,(1994),"Action, Comedy, Romance",8,Rajkumar Santoshi,"['Aamir Khan', 'Salman Khan', 'Raveena Tandon', 'Karisma Kapoor']","https://m.media-amazon.com/images/M/MV5BNGVkODBlYmUtNTMzYi00MjEwLWI3YWUtODNlNjhkMTg4OWJiXkEyXkFqcGdeQXVyNTgyNTA4MjM@._V1_UX140_CR0,0,140,209_AL_.jpg"
Sholay,(1975),"Action, Adventure, Comedy",8.1,Ramesh Sippy,"['Sanjeev Kumar', 'Dharmendra', 'Amitabh Bachchan', 'Amjad Khan']","https://m.media-amazon.com/images/M/MV5BOWQ0YTUzYzItYjI0MC00OTZmLWE1MWQtY2EzMzU2MTlmMmJjXkEyXkFqcGdeQXVyMDkwNTkwNg@@._V1_UY209_CR9,0,140,209_AL_.jpg"
Bhaag Milkha Bhaag,(2013),"Biography, Drama, Sport",8.2,Milkha Singh,"['Farhan Akhtar', 'Kousi Orfahli', 'Deepak Singh Rawat', 'Japtej Singh']","https://m.media-amazon.com/images/M/MV5BMTY1Nzg4MjcwN15BMl5BanBnXkFtZTcwOTc1NTk1OQ@@._V1_UY209_CR2,0,140,209_AL_.jpg"
Hera Pheri,(2000),"Action, Comedy, Crime",8.2,Priyadarshan,"['Akshay Kumar', 'Suniel Shetty', 'Paresh Rawal', 'Tabu']","https://m.media-amazon.com/images/M/MV5BNDExMTBlZTYtZWMzYi00NmEwLWEzZGYtOTA1MDhmNTc0ODZkXkEyXkFqcGdeQXVyODE5NzE3OTE@._V1_UX140_CR0,0,140,209_AL_.jpg"
Udaan,(2010),Drama,8.1,Vikramaditya Motwane,"['Rajat Barmecha', 'Ronit Roy', 'Manjot Singh', 'Ram Kapoor']","https://m.media-amazon.com/images/M/MV5BNzgxMzExMzUwNV5BMl5BanBnXkFtZTcwMDc2MjUwNA@@._V1_UY209_CR2,0,140,209_AL_.jpg"
Kahaani,(2012),"Mystery, Thriller",8.1,Sujoy Ghosh,"['Vidya Balan', 'Parambrata Chattopadhyay', 'Indraneil Sengupta', 'Nawazuddin Siddiqui']","https://m.media-amazon.com/images/M/MV5BMTQ1NDI0NzkyOF5BMl5BanBnXkFtZTcwNzAyNzE2Nw@@._V1_UY209_CR2,0,140,209_AL_.jpg"
Black,(2005),Drama,8.1,Sanjay Leela Bhansali,"['Amitabh Bachchan', 'Rani Mukerji', 'Shernaz Patel', 'Ayesha Kapur']","https://m.media-amazon.com/images/M/MV5BNDQ1OTNmMTEtYjU1ZC00ZjA3LWE3ZDQtYjI2MjQ4YmQ0NjZkXkEyXkFqcGdeQXVyMTUyNjc3NDQ4._V1_UX140_CR0,0,140,209_AL_.jpg"
Chak De! India,(2007),"Drama, Family, Sport",8.1,Shimit Amin,"['Shah Rukh Khan', 'Vidya Malvade', 'Sagarika Ghatge', 'Shilpa Shukla']","https://m.media-amazon.com/images/M/MV5BMTUzODMyNzk4NV5BMl5BanBnXkFtZTgwNTk1NTYyNTM@._V1_UY209_CR8,0,140,209_AL_.jpg"
Khosla Ka Ghosla!,(2006),"Comedy, Crime, Drama",8.2,Dibakar Banerjee,"['Pravin E. Birje', 'Anupam Kher', 'Boman Irani', 'Parvin Dabas', 'Tara Sharma']","https://m.media-amazon.com/images/M/MV5BZTg2YWFkOGMtYWExMy00YmFiLTk2YjctNTAzZDk5MjdhMzdlXkEyXkFqcGdeQXVyNjQ2MjQ5NzM@._V1_UY209_CR2,0,140,209_AL_.jpg"
Jo Jeeta Wohi Sikandar,(1992),"Comedy, Drama, Romance",8.1,Mansoor Khan,"['Aamir Khan', 'Ayesha Jhulka', 'Deepak Tijori', 'Pooja Bedi']","https://m.media-amazon.com/images/M/MV5BNTU1ZjQwNDAtZDAwMC00OTcyLTg4MDUtOTUwYTU4N2M4YTgxXkEyXkFqcGdeQXVyNDUzOTQ5MjY@._V1_UY209_CR6,0,140,209_AL_.jpg"
Zindagi Na Milegi Dobara,(2011),"Comedy, Drama, Musical",8.2,Zoya Akhtar,"['Hrithik Roshan', 'Farhan Akhtar', 'Abhay Deol', 'Katrina Kaif']","https://m.media-amazon.com/images/M/MV5BZGFmMjM5OWMtZTRiNC00ODhlLThlYTItYTcyZDMyYmMyYjFjXkEyXkFqcGdeQXVyNDUzOTQ5MjY@._V1_UY209_CR2,0,140,209_AL_.jpg"
Paan Singh Tomar,(2012),"Action, Biography, Crime",8.2,Tigmanshu Dhulia,"['Irrfan Khan', 'Mahie Gill', 'Rajesh Abhay', 'Hemendra Dandotiya']","https://m.media-amazon.com/images/M/MV5BNTgwODM5OTMzN15BMl5BanBnXkFtZTcwMTA3NzI1Nw@@._V1_UY209_CR2,0,140,209_AL_.jpg"
Dilwale Dulhania Le Jayenge,(1995),"Drama, Romance",8,Aditya Chopra,"['Shah Rukh Khan', 'Kajol', 'Amrish Puri', 'Farida Jalal']","https://m.media-amazon.com/images/M/MV5BMDQ2ZmE2NTMtZDE3NC00YzFjLWJhNmEtMDEzMTI5ZjU2ZGM0XkEyXkFqcGdeQXVyNTkzNDQ4ODc@._V1_UY209_CR8,0,140,209_AL_.jpg"
Omkara,(2006),"Action, Crime, Drama",8,Vishal Bhardwaj,"['Ajay Devgn', 'Kareena Kapoor', 'Saif Ali Khan', 'Konkona Sen Sharma']","https://m.media-amazon.com/images/M/MV5BY2NmNjlhYzQtMWU5MS00YTVmLWIyOWEtOGFmY2ZjMjY2ZGRkXkEyXkFqcGdeQXVyMTMxMTY0OTQ@._V1_UX140_CR0,0,140,209_AL_.jpg"
Lage Raho Munna Bhai,(2006),"Comedy, Drama, Romance",8,Rajkumar Hirani,"['Sanjay Dutt', 'Arshad Warsi', 'Vidya Balan', 'Boman Irani']","https://m.media-amazon.com/images/M/MV5BN2ZmMDMwODgtMzA5MS00MGU0LWEyYTgtYzQ5MmQzMzU2NTVkXkEyXkFqcGdeQXVyODE5NzE3OTE@._V1_UY209_CR2,0,140,209_AL_.jpg"
Iqbal,(2005),"Drama, Sport",8.1,Nagesh Kukunoor,"['Shreyas Talpade', 'Naseeruddin Shah', 'Shweta Basu Prasad', 'Yatin Karyekar']","https://m.media-amazon.com/images/M/MV5BYmIzZDQ0ZWItZGJjNC00YTllLWIzYjktM2U3ZThmNDFmMDNkXkEyXkFqcGdeQXVyODE5NzE3OTE@._V1_UY209_CR2,0,140,209_AL_.jpg"
The Lunchbox,(2013),"Drama, Romance",7.8,Ritesh Batra,"['Irrfan Khan', 'Nimrat Kaur', 'Nawazuddin Siddiqui', 'Lillete Dubey']","https://m.media-amazon.com/images/M/MV5BMTUwMzc1NjIzMV5BMl5BanBnXkFtZTgwODUyMTIxMTE@._V1_UY209_CR1,0,140,209_AL_.jpg"
Black Friday,(2004),"Action, Crime, Drama",8.4,Anurag Kashyap,"['Kay Kay Menon', 'Pawan Malhotra', 'Aditya Srivastav', 'Dibyendu Bhattacharya']","https://m.media-amazon.com/images/M/MV5BYWRjMDlmNGYtOGFhYy00ZWU4LTk3MzEtOTI4ZTgxN2Y5NGNkXkEyXkFqcGdeQXVyNzU3Nzk4MDQ@._V1_UX140_CR0,0,140,209_AL_.jpg"
Company,(2002),"Action, Crime, Drama",8,Ram Gopal Varma,"['Ajay Devgn', 'Mohanlal', 'Manisha Koirala', 'Seema Biswas']","https://m.media-amazon.com/images/M/MV5BNjVkNWVlMjQtMzJjOS00MDY3LWI4YjgtYjI5NTg1M2U3YzRlXkEyXkFqcGdeQXVyNzE0MzIyOTI@._V1_UY209_CR4,0,140,209_AL_.jpg"
Gol Maal,(1979),"Comedy, Romance",8.5,Hrishikesh Mukherjee,"['Amol Palekar', 'Bindiya Goswami', 'Deven Verma', 'Shobha Khote']","https://m.media-amazon.com/images/M/MV5BYjBhYmQxNTgtNDU2Ni00NGQzLTg5MzQtMDdkY2I3MzA1MTc0XkEyXkFqcGdeQXVyMTA0MTM5NjI2._V1_UX140_CR0,0,140,209_AL_.jpg"
Dev.D,(2009),"Comedy, Drama, Romance",7.9,Anurag Kashyap,"['Abhay Deol', 'Mahie Gill', 'Kalki Koechlin', 'Dibyendu Bhattacharya']","https://m.media-amazon.com/images/M/MV5BYjU1NjczNzYtYmFjOC00NzkxLTg4YTUtNGYzMTk3NTU0ZDE3XkEyXkFqcGdeQXVyNDUzOTQ5MjY@._V1_UY209_CR2,0,140,209_AL_.jpg"
Jaane Bhi Do Yaaro,(1983),"Comedy, Crime, Drama",8.3,Kundan Shah,"['Naseeruddin Shah', 'Ravi Baswani', 'Bhakti Barve', 'Satish Shah']","https://m.media-amazon.com/images/M/MV5BMDE0Y2NhYjEtNWM3MS00MzFiLTlkODctYmViY2Q4OTczYWI2XkEyXkFqcGdeQXVyNDUzOTQ5MjY@._V1_UY209_CR9,0,140,209_AL_.jpg"
OMG: Oh My God!,(2012),"Comedy, Drama, Fantasy",8.1,Umesh Shukla,"['Paresh Rawal', 'Akshay Kumar', 'Mithun Chakraborty', 'Mahesh Manjrekar']","https://m.media-amazon.com/images/M/MV5BYTg1MjE2YTQtMmE3ZC00NGQ2LWJiMWYtZmIxNTYzZjJmYTkwXkEyXkFqcGdeQXVyODMyODMxNDY@._V1_UY209_CR2,0,140,209_AL_.jpg"
Mughal-E-Azam,(1960),"Drama, Romance, War",8.1,K. Asif,"['Prithviraj Kapoor', 'Madhubala', 'Dilip Kumar', 'Durga Khote']","https://m.media-amazon.com/images/M/MV5BMmM2YWQ3MzctOTk1NS00NThhLWExY2MtYjQzZGRmZTFiYWY3XkEyXkFqcGdeQXVyMjUxMTY3ODM@._V1_UY209_CR6,0,140,209_AL_.jpg"
Gulaal,(2009),"Crime, Drama, Thriller",8,Anurag Kashyap,"['Kay Kay Menon', 'Raj Singh Chaudhary', 'Raja Chaudhary', 'Jesse Randhawa']","https://m.media-amazon.com/images/M/MV5BYTMxYjEwYjctMjg4Ni00N2UyLThkNDEtNTY4ODExNmIzYjE5XkEyXkFqcGdeQXVyODE5NzE3OTE@._V1_UY209_CR3,0,140,209_AL_.jpg"
Dor,(2006),Drama,7.9,Nagesh Kukunoor,"['Ayesha Takia', 'Shreyas Talpade', 'Gul Panag', 'Girish Karnad']","https://m.media-amazon.com/images/M/MV5BYTk3NTVhNjktYTg0OC00ODk1LWE4MjUtMDhkNTY3MTMyMTc0XkEyXkFqcGdeQXVyODE5NzE3OTE@._V1_UY209_CR2,0,140,209_AL_.jpg"
Jab We Met,(2007),"Comedy, Drama, Romance",7.9,Imtiaz Ali,"['Shahid Kapoor', 'Kareena Kapoor', 'Tarun Arora', 'Dara Singh Randhawa']","https://m.media-amazon.com/images/M/MV5BYmIzYmY4MGItM2I4YS00OWZhLWFmMzQtYzI2MWY1MmM3NGU1XkEyXkFqcGdeQXVyNjQ2MjQ5NzM@._V1_UY209_CR2,0,140,209_AL_.jpg"
Pyaasa,(1957),"Drama, Musical, Romance",8.3,Guru Dutt,"['Guru Dutt', 'Waheeda Rehman', 'Mala Sinha', 'Rehman Khan']","https://m.media-amazon.com/images/M/MV5BYjkzODdhZjUtMjY0YS00ODA3LTkxMDUtM2JlYTQyMWE1NTMzXkEyXkFqcGdeQXVyMzg1ODEwNQ@@._V1_UY209_CR5,0,140,209_AL_.jpg"
The Legend of Bhagat Singh,(2002),"Action, Biography, Drama",8.1,Rajkumar Santoshi,"['Ajay Devgn', 'Sushant Singh', 'D. Santosh', 'Akhilendra Mishra']","https://m.media-amazon.com/images/M/MV5BODdhOWU3YjItM2JjYi00ODFkLWJjODgtNTU4ZWM0MTVlZGI3XkEyXkFqcGdeQXVyMTEzNzg0Mjkx._V1_UY209_CR3,0,140,209_AL_.jpg"
Masoom,(1983),"Drama, Family",8.4,Shekhar Kapur,"['Naseeruddin Shah', 'Shabana Azmi', 'Jugal Hansraj', 'Urmila Matondkar']","https://m.media-amazon.com/images/M/MV5BMjZjZGM1OGQtNDgyOS00M2Y4LWI2MDgtN2JjMTM1M2U0Mzk0XkEyXkFqcGdeQXVyODE5NzE3OTE@._V1_UY209_CR8,0,140,209_AL_.jpg"
Salaam Bombay!,(1988),"Crime, Drama",7.9,Mira Nair,"['Shafiq Syed', 'Anjaan', 'Amrit Patel', 'Murari Sharma']","https://m.media-amazon.com/images/M/MV5BMWFlMjRhZmUtNzBjNC00NTdjLTlkNjItNWZmODdhODg4ZTlhXkEyXkFqcGdeQXVyMTMxMTY0OTQ@._V1_UX140_CR0,0,140,209_AL_.jpg"
Satya,(1998),"Action, Crime, Drama",8.3,Ram Gopal Varma,"['J.D. Chakravarthi', 'Manoj Bajpayee', 'Urmila Matondkar', 'Paresh Rawal']","https://m.media-amazon.com/images/M/MV5BMTMwMjk3MzA2OF5BMl5BanBnXkFtZTcwNjU2ODgzMQ@@._V1_UY209_CR4,0,140,209_AL_.jpg"
Vicky Donor,(2012),"Comedy, Romance",7.8,Shoojit Sircar,"['Ayushmann Khurrana', 'Yami Gautam', 'Annu Kapoor', 'Dolly Ahluwalia']","https://m.media-amazon.com/images/M/MV5BYWNlODE1ZTEtOTQ5MS00N2QwLTllNjItZDQ2Y2UzMmU5YmI2XkEyXkFqcGdeQXVyODE5NzE3OTE@._V1_UY209_CR9,0,140,209_AL_.jpg"
Lakshya,(2004),"Action, Drama, Romance",7.8,Farhan Akhtar,"['Hrithik Roshan', 'Preity G Zinta', 'Amitabh Bachchan', 'Om Puri']","https://m.media-amazon.com/images/M/MV5BY2Y0NjY5ZTctZWMzNC00MDQ4LTkyMWUtOGZkMzk4NWNhYWI5XkEyXkFqcGdeQXVyODE5NzE3OTE@._V1_UY209_CR2,0,140,209_AL_.jpg"
Vaastav: The Reality,(1999),"Action, Crime, Drama",8,Mahesh Manjrekar,"['Sanjay Dutt', 'Namrata Shirodkar', 'Reema Lagoo', 'Shivaji Satam']","https://m.media-amazon.com/images/M/MV5BYmY3MDFjMWQtNWJkMC00NWIyLTkxZWYtNmNhZjUxOGJmNTJlXkEyXkFqcGdeQXVyMTYyNjAzOTUx._V1_UY209_CR8,0,140,209_AL_.jpg"
Kal Ho Naa Ho,(2003),"Comedy, Drama, Musical",7.9,Nikkhil Advani,"['Preity G Zinta', 'Shah Rukh Khan', 'Saif Ali Khan', 'Jaya Bachchan']","https://m.media-amazon.com/images/M/MV5BYmVjNDIxODAtNWZiZi00ZDBlLWJmOTUtNDNjMGExNTViMzE1XkEyXkFqcGdeQXVyNTE0MDc0NTM@._V1_UX140_CR0,0,140,209_AL_.jpg"
Oye Lucky! Lucky Oye!,(2008),"Comedy, Crime, Drama",7.7,Dibakar Banerjee,"['Abhay Deol', 'Paresh Rawal', 'Nitu Chandra', 'Archana Puran Singh']","https://m.media-amazon.com/images/M/MV5BNjA1MjM2NTM3MV5BMl5BanBnXkFtZTcwODIyMjk5MQ@@._V1_UY209_CR3,0,140,209_AL_.jpg"
Sarfarosh,(1999),"Action, Crime, Drama",8.1,John Mathew Matthan,"['Aamir Khan', 'Naseeruddin Shah', 'Sonali Bendre', 'Mukesh Rishi']","https://m.media-amazon.com/images/M/MV5BNDQwMWE0ZDItOTBjOC00MzJhLWIwNWYtYzU4ODJkMjA3MTI2XkEyXkFqcGdeQXVyMTcyNDY1NDgw._V1_UY209_CR3,0,140,209_AL_.jpg"
Gangaajal,(2003),"Action, Crime, Drama",7.8,Prakash Jha,"['Ajay Devgn', 'Gracy Singh', 'Mohan Joshi', 'Yashpal Sharma']","https://m.media-amazon.com/images/M/MV5BYjRjOWViZTgtYjA4Ny00MWJiLTkxYzktMzdlOGRmMWYwOTdjXkEyXkFqcGdeQXVyNDUzOTQ5MjY@._V1_UY209_CR8,0,140,209_AL_.jpg"
Angoor,(1982),Comedy,8.3,Gulzar,"['Sanjeev Kumar', 'Moushumi Chatterjee', 'Deven Verma', 'Aruna Irani']","https://m.media-amazon.com/images/M/MV5BYjBmZWQ5N2ItMjA2YS00OWZlLWExZGQtYjVlMjk3M2M2MDcxXkEyXkFqcGdeQXVyMzg1ODEwNQ@@._V1_UY209_CR6,0,140,209_AL_.jpg"
Madras Cafe,(2013),"Action, Drama, Thriller",7.6,Shoojit Sircar,"['Nargis Fakhri', 'John Abraham', 'Raashi Khanna', 'Gaurav K. Sharma']","https://m.media-amazon.com/images/M/MV5BMTg1MzU5ODM4Nl5BMl5BanBnXkFtZTcwOTQ3MTM5OQ@@._V1_UY209_CR0,0,140,209_AL_.jpg"
English Vinglish,(2012),"Comedy, Drama, Family",7.8,Gauri Shinde,"['Sridevi', 'Adil Hussain', 'Mehdi Nebbou', 'Priya Anand']","https://m.media-amazon.com/images/M/MV5BMjQ5YWVmYmYtOWFiZC00NGMxLWEwODctZDM2MWI4YWViN2E5XkEyXkFqcGdeQXVyNjQ2MjQ5NzM@._V1_UY209_CR3,0,140,209_AL_.jpg"
Chupke Chupke,(1975),"Comedy, Drama, Romance",8.3,Hrishikesh Mukherjee,"['Dharmendra', 'Sharmila Tagore', 'Amitabh Bachchan', 'Jaya Bachchan']","https://m.media-amazon.com/images/M/MV5BOTlkOTk1ZTMtY2EzZC00NjJmLWEyNDMtNjhlMDQxMGIzMjk3XkEyXkFqcGdeQXVyODMyODMxNDY@._V1_UY209_CR6,0,140,209_AL_.jpg"
Johnny Gaddaar,(2007),"Crime, Drama, Mystery",7.9,Sriram Raghavan,"['Dharmendra', 'Rimi Sen', 'Ashwini Kalsekar', 'Neil Nitin Mukesh']","https://m.media-amazon.com/images/M/MV5BNDE4MmU1YTktMzY1OS00NWQ4LWExZmYtZjI3MzJjNGIxZTcxXkEyXkFqcGdeQXVyNDUzOTQ5MjY@._V1_UY209_CR2,0,140,209_AL_.jpg"
Maqbool,(2003),"Crime, Drama, Thriller",8,Vishal Bhardwaj,"['Irrfan Khan', 'Tabu', 'Pankaj Kapur', 'Naseeruddin Shah']","https://m.media-amazon.com/images/M/MV5BMTE2NjYzOWUtMDgyZS00NGY3LTk5ZDctODMxNGYyNjUyODIwXkEyXkFqcGdeQXVyODE5NzE3OTE@._V1_UY209_CR5,0,140,209_AL_.jpg"
Hazaaron Khwaishein Aisi,(2003),Drama,7.9,Sudhir Mishra,"['Kay Kay Menon', 'Shiney Ahuja', 'Chitrangda Singh', 'Ram Kapoor']","https://m.media-amazon.com/images/M/MV5BYjkwOTM5OWUtYTQyZC00NmE1LWIyMDEtYzRjNjMzMjM5NjU4XkEyXkFqcGdeQXVyNjQ2MjQ5NzM@._V1_UX140_CR0,0,140,209_AL_.jpg"
Rock On!!,(2008),"Drama, Music",7.7,Abhishek Kapoor,"['Arjun Rampal', 'Farhan Akhtar', 'Luke Kenny', 'Purab Kohli']","https://m.media-amazon.com/images/M/MV5BMTM2NjIwODc4N15BMl5BanBnXkFtZTcwMDgwMzM4MQ@@._V1_UY209_CR2,0,140,209_AL_.jpg"
Don,(1978),"Action, Crime, Thriller",7.7,Chandra Barot,"['Amitabh Bachchan', 'Zeenat Aman', 'Pran Sikand', 'Iftekhar']","https://m.media-amazon.com/images/M/MV5BMzc0OGU4NGYtNzgwMy00NThjLWJmYWItZDUzZTVlZjg0YjdjXkEyXkFqcGdeQXVyNjQ1MDcxNzM@._V1_UX140_CR0,0,140,209_AL_.jpg"
Chhoti Si Baat,(1976),"Comedy, Romance",8.3,Basu Chatterjee,"['Ashok Kumar', 'Vidya Sinha', 'Amol Palekar', 'Govardhan Asrani']","https://m.media-amazon.com/images/M/MV5BNTAxMmUwYzktMTY0NS00ZDcwLWEwMjEtNDRkMGRlMzRhYjVmXkEyXkFqcGdeQXVyODE5NzE3OTE@._V1_UY209_CR7,0,140,209_AL_.jpg"
Guide,(1965),"Drama, Romance",8.3,Vijay Anand,"['Dev Anand', 'Waheeda Rehman', 'Leela Chitnis', 'Anwar Hussain']","https://m.media-amazon.com/images/M/MV5BOTM4ZjhiNGItMzE2My00YjM0LWE5ZTEtYTA5NDMzZDJlOWQ3XkEyXkFqcGdeQXVyODMyODMxNDY@._V1_UY209_CR2,0,140,209_AL_.jpg"
Raanjhanaa,(2013),"Drama, Romance",7.6,Aanand L. Rai,"['Dhanush', 'Sonam Kapoor', 'Mohd. Zeeshan Ayyub', 'Swara Bhasker']","https://m.media-amazon.com/images/M/MV5BN2MzYWI2OGQtNzgxNi00ZjNiLWI1NTQtZWUyNWNiZDEyODFmXkEyXkFqcGdeQXVyODE5NzE3OTE@._V1_UY209_CR2,0,140,209_AL_.jpg"
Deewaar,(1975),"Action, Crime, Drama",8,Yash Chopra,"['Amitabh Bachchan', 'Shashi Kapoor', 'Nirupa Roy', 'Parveen Babi']","https://m.media-amazon.com/images/M/MV5BMTU2NTYyOTA3NV5BMl5BanBnXkFtZTcwMDMyNjEzMQ@@._V1_UY209_CR2,0,140,209_AL_.jpg"
Special Chabbis,(2013),"Crime, Drama, Thriller",8,Neeraj Pandey,"['Akshay Kumar', 'Anupam Kher', 'Manoj Bajpayee', 'Jimmy Shergill']","https://m.media-amazon.com/images/M/MV5BMTQ1NDI5MjMzNF5BMl5BanBnXkFtZTcwMTc0MDQwOQ@@._V1_UY209_CR2,0,140,209_AL_.jpg"
Padosan,(1968),"Comedy, Musical, Romance",8.1,Jyoti Swaroop,"['Sunil Dutt', 'Saira Banu', 'Mehmood', 'Kishore Kumar']","https://m.media-amazon.com/images/M/MV5BOTgxNDk4YjgtMjE3OC00MWE0LTgyZWYtM2I1ZTQwYjk4NDYyXkEyXkFqcGdeQXVyODE5NzE3OTE@._V1_UX140_CR0,0,140,209_AL_.jpg"
Mumbai Meri Jaan,(2008),Drama,7.7,Nishikant Kamat,"['Paresh Rawal', 'Kay Kay Menon', 'Irrfan Khan', 'Madhavan']","https://m.media-amazon.com/images/M/MV5BNTMwMmQ3YmYtODU3MS00NzRhLTkyZGEtM2Q5OWRlMGQxMzIyXkEyXkFqcGdeQXVyODE5NzE3OTE@._V1_UY209_CR9,0,140,209_AL_.jpg"
Ab Tak Chhappan,(2004),"Crime, Drama",7.8,Shimit Amin,"['Nana Patekar', 'Revathi', 'Yashpal Sharma', 'Mohan Agashe']","https://m.media-amazon.com/images/M/MV5BOTg1MTM4OWQtODcyMi00YWM3LTk4NmYtMGQ1YmU3YTg1ZmUxXkEyXkFqcGdeQXVyNDY5MTUyNjU@._V1_UX140_CR0,0,140,209_AL_.jpg"
Kai po che!,(2013),"Drama, Sport",7.8,Abhishek Kapoor,"['Amit Sadh', 'Sushant Singh Rajput', 'Rajkummar Rao', 'Amrita Puri']","https://m.media-amazon.com/images/M/MV5BMTgwNTAwMjEzMF5BMl5BanBnXkFtZTcwNzMzODY4OA@@._V1_UY209_CR9,0,140,209_AL_.jpg"
Awaara,(1951),"Drama, Musical, Romance",7.8,Raj Kapoor,"['Raj Kapoor', 'Nargis', 'Prithviraj Kapoor', 'K.N. Singh']","https://m.media-amazon.com/images/M/MV5BZDY5NmYzY2UtYWFiMy00MTRmLWEwNDQtZjRjMWUxYTNhMTM3XkEyXkFqcGdeQXVyMDkwNTkwNg@@._V1_UX140_CR0,0,140,209_AL_.jpg"
Shree 420,(1955),"Comedy, Crime, Drama",7.9,Raj Kapoor,"['Nargis', 'Raj Kapoor', 'Nadira', 'Nemo']","https://m.media-amazon.com/images/M/MV5BNzg4Y2NjZjctMzU3My00YTY4LWJmNjUtZmMxNzVlZWRkNTk4XkEyXkFqcGdeQXVyNjQ1MDcxNzM@._V1_UY209_CR0,0,140,209_AL_.jpg"
Earth,(1998),"Drama, Romance, War",7.6,Deepa Mehta,"['Aamir Khan', 'Nandita Das', 'Rahul Khanna', 'Maia Sethna']","https://m.media-amazon.com/images/M/MV5BNDE4YmFkMzItMWIwMy00MTFmLTkxNjAtMGQxZjg5MjNhMmJkXkEyXkFqcGdeQXVyNTM0NTU5Mg@@._V1_UY209_CR2,0,140,209_AL_.jpg"
Gunda,(1998),"Action, Comedy, Crime",7.3,Kanti Shah,"['Mithun Chakraborty', 'Mukesh Rishi', 'Mohan Joshi', 'Shakti Kapoor']","https://m.media-amazon.com/images/M/MV5BMzkzODkxNGUtYTA3MS00ZDVkLWFmYTgtMGM5YjViOGU0YjU0XkEyXkFqcGdeQXVyNDY5MTUyNjU@._V1_UY209_CR7,0,140,209_AL_.jpg"
Parinda,(1989),"Action, Crime, Drama",7.8,Vidhu Vinod Chopra,"['Jackie Shroff', 'Anil Kapoor', 'Nana Patekar', 'Madhuri Dixit']","https://m.media-amazon.com/images/M/MV5BMjA5ODU4ODU2MV5BMl5BanBnXkFtZTcwMTI3ODgzMQ@@._V1_UY209_CR4,0,140,209_AL_.jpg"
Dasvidaniya,(2008),"Comedy, Drama",7.8,Shashant Shah,"['Vinay Pathak', 'Sarita Joshi', 'Rajat Kapoor', 'Saurabh Shukla']","https://m.media-amazon.com/images/M/MV5BZWU3ZTU2OGUtZGJlYS00Yjc5LTk0ZTctOGZkZGZmODkxYmVmXkEyXkFqcGdeQXVyNDUzOTQ5MjY@._V1_UY209_CR3,0,140,209_AL_.jpg"
Hey Ram,(2000),"Crime, Drama, History",7.9,Kamal Haasan,"['Kamal Haasan', 'Shah Rukh Khan', 'Rani Mukerji', 'Hema Malini']","https://m.media-amazon.com/images/M/MV5BYzMxYzZjMDUtZjI3Ni00Y2M2LTllYWItNzJmZTJjMzkyYjlmXkEyXkFqcGdeQXVyODEzOTQwNTY@._V1_UX140_CR0,0,140,209_AL_.jpg"
Pinjar: Beyond Boundaries...,(2003),Drama,7.9,Chandra Prakash Dwivedi,"['Urmila Matondkar', 'Manoj Bajpayee', 'Sanjay Suri', 'Sandali Sinha']","https://m.media-amazon.com/images/M/MV5BNjZhOTVjYTctNGFhOC00NTAxLTg4NmMtZjNiNTVkNWMwODA3XkEyXkFqcGdeQXVyODE5NzE3OTE@._V1_UY209_CR3,0,140,209_AL_.jpg"
Socha Na Tha,(2005),"Comedy, Drama, Romance",7.4,Imtiaz Ali,"['Abhay Deol', 'Ayesha Takia', 'Ayesha Jhulka', 'Apoorva Jha']","https://m.media-amazon.com/images/M/MV5BNTY2ZTU2ZDQtOGViNC00YjA5LWJjNDAtNWFhOGYyMTQyZjFkXkEyXkFqcGdeQXVyNjQ2MjQ5NzM@._V1_UY209_CR9,0,140,209_AL_.jpg"
Guru,(2007),Drama,7.7,Mani Ratnam,"['Mithun Chakraborty', 'Abhishek Bachchan', 'Aishwarya Rai Bachchan', 'Madhavan']","https://m.media-amazon.com/images/M/MV5BODVjYzhlYmQtNmYyYi00YmQyLWFiZDEtODRkZmRkNzg4YzdmXkEyXkFqcGdeQXVyODE5NzE3OTE@._V1_UY209_CR7,0,140,209_AL_.jpg"
Bawarchi,(1972),"Comedy, Musical, Drama",8.1,Hrishikesh Mukherjee,"['Rajesh Khanna', 'Jaya Bachchan', 'Usha Kiran', 'Harindranath Chattopadhyay']","https://m.media-amazon.com/images/M/MV5BMTg5NDIyNzAwOV5BMl5BanBnXkFtZTgwMjk3ODM3NDE@._V1_UY209_CR8,0,140,209_AL_.jpg"
Manorama: Six Feet Under,(2007),"Crime, Drama, Mystery",7.5,Navdeep Singh,"['Abhay Deol', 'Gul Panag', 'Raima Sen', 'Sarika Thakur']","https://m.media-amazon.com/images/M/MV5BOGNjN2M4MDItMzc3YS00ZjdiLTlhMDMtYjk0OWQzMzc1ZjRiXkEyXkFqcGdeQXVyNDUzOTQ5MjY@._V1_UY209_CR2,0,140,209_AL_.jpg"
Mr. India,(1987),"Action, Comedy, Drama",7.7,Shekhar Kapur,"['Anil Kapoor', 'Sridevi', 'Amrish Puri', 'Satish Kaushik']","https://m.media-amazon.com/images/M/MV5BZTdhMmJjYjMtMjZmOC00NjhkLWE3MjQtODAzNDI4NmM5OTA5XkEyXkFqcGdeQXVyODAzNzAwOTU@._V1_UX140_CR0,0,140,209_AL_.jpg"
Aamir,(2008),"Action, Crime, Drama",7.6,Raj Kumar Gupta,"['Rajeev Khandelwal', 'Mukesh Agrohari', 'Supavitra Babul', 'Vasan Bala']","https://m.media-amazon.com/images/M/MV5BMTQxYzk3MDYtMzAzNS00ZmFjLWE0YWYtMjFhYjMwYzE5N2ZmXkEyXkFqcGdeQXVyNDY5MTUyNjU@._V1_UY209_CR2,0,140,209_AL_.jpg"
Zakhm,(1998),Drama,7.9,Mahesh Bhatt,"['Ajay Devgn', 'Pooja Bhatt', 'Nagarjuna Akkineni', 'Sonali Bendre']","https://m.media-amazon.com/images/M/MV5BZjQ1Y2VjMDAtNjc2MS00ZDhhLTgxNzEtMDE0ZjYzZGVhODAyXkEyXkFqcGdeQXVyODE5NzE3OTE@._V1_UY209_CR3,0,140,209_AL_.jpg"
Water,(I) (2005),Drama,7.7,Deepa Mehta,"['Lisa Ray', 'John Abraham', 'Seema Biswas', 'Sarala Kariyawasam']","https://m.media-amazon.com/images/M/MV5BZmQ4ODNjNjctYzkxYS00N2MzLWE0ZTctOGVkYzM2NjRmZDMyXkEyXkFqcGdeQXVyODE5NzE3OTE@._V1_UY209_CR0,0,140,209_AL_.jpg"
Stanley Ka Dabba,(2011),"Comedy, Drama, Family",7.8,Amole Gupte,"['Partho A. Gupte', 'Numaan Sheikh', 'Abhishek Reddy', 'Sai Shara Shetty']","https://m.media-amazon.com/images/M/MV5BZWVlMzlmOWItYTgwMi00MjExLTgwNDItNWI4YzY2MTgzMWJlXkEyXkFqcGdeQXVyODE5NzE3OTE@._V1_UY209_CR3,0,140,209_AL_.jpg"
Agneepath,(1990),"Action, Crime, Drama",7.6,Mukul Anand,"['Amitabh Bachchan', 'Mithun Chakraborty', 'Madhavi', 'Neelam Kothari']","https://m.media-amazon.com/images/M/MV5BOGIyNGNhN2EtYTZiNC00MDJjLWI2M2ItZjA1MTBlYmNiODNlXkEyXkFqcGdeQXVyODE5NzE3OTE@._V1_UY209_CR10,0,140,209_AL_.jpg"
My Name Is Khan,(2010),"Adventure, Drama, Romance",7.9,Karan Johar,"['Shah Rukh Khan', 'Kajol', 'Sheetal Menon', 'Katie Amanda Keane']","https://m.media-amazon.com/images/M/MV5BMTUyMTA4NDYzMV5BMl5BanBnXkFtZTcwMjk5MzcxMw@@._V1_UY209_CR0,0,140,209_AL_.jpg"
Qayamat Se Qayamat Tak,(1988),"Drama, Musical, Romance",7.4,Mansoor Khan,"['Aamir Khan', 'Juhi Chawla', 'Goga Kapoor', 'Dalip Tahil']","https://m.media-amazon.com/images/M/MV5BZDAwM2E2YmEtN2I3Zi00NmY5LTkxNTAtODVmNmM4MmY2YTFjXkEyXkFqcGdeQXVyODE5NzE3OTE@._V1_UY209_CR2,0,140,209_AL_.jpg"
3 Deewarein,(2003),"Crime, Drama",7.8,Nagesh Kukunoor,"['Naseeruddin Shah', 'Jackie Shroff', 'Juhi Chawla', 'Nagesh Kukunoor']","https://m.media-amazon.com/images/M/MV5BYmNjNmY0YjctNGQ4YS00MjI0LTk3NmUtNTU0YzZmZDI1ZDNhXkEyXkFqcGdeQXVyMjUxMTY3ODM@._V1_UY209_CR5,0,140,209_AL_.jpg"
Abhimaan,(1973),"Drama, Musical",7.8,Hrishikesh Mukherjee,"['Amitabh Bachchan', 'Jaya Bachchan', 'Govardhan Asrani', 'Bindu Desai']","https://m.media-amazon.com/images/M/MV5BYWU2ODYxYzktMTcwMy00YWM2LWExNmYtNzZlMjhmODU3Mzg5XkEyXkFqcGdeQXVyODE5NzE3OTE@._V1_UY209_CR10,0,140,209_AL_.jpg"
Sarkar,(2005),"Action, Crime, Drama",7.6,Ram Gopal Varma,"['Amitabh Bachchan', 'Abhishek Bachchan', 'Kay Kay Menon', 'Supriya Pathak']","https://m.media-amazon.com/images/M/MV5BZTYwNGU2YzQtMDRjNS00MjlmLTk1MDEtMjBmYWQ3ZjY0NWRjXkEyXkFqcGdeQXVyNjQ2MjQ5NzM@._V1_UY209_CR7,0,140,209_AL_.jpg"
Bheja Fry,(2007),"Comedy, Drama",7.6,Sagar Ballary,"['Vinay Pathak', 'Rajat Kapoor', 'Sarika Thakur', 'Milind Soman']","https://m.media-amazon.com/images/M/MV5BODUzZmQ0YjMtZjVhYi00ODc1LWJjNWQtY2JjM2RmM2ZmMmI2XkEyXkFqcGdeQXVyODE5NzE3OTE@._V1_UY209_CR4,0,140,209_AL_.jpg"
Mother India,(1957),"Action, Comedy, Drama",7.8,Mehboob Khan,"['Nargis', 'Sunil Dutt', 'Rajendra Kumar Tuli', 'Raaj Kumar']","https://m.media-amazon.com/images/M/MV5BMDNmZmI5MTYtOTYzMi00OGU0LTgwYTctNGI3YThmYTNhZWM1XkEyXkFqcGdeQXVyMzg1ODEwNQ@@._V1_UY209_CR4,0,140,209_AL_.jpg"
Jaane Tu... Ya Jaane Na,(2008),"Comedy, Drama, Romance",7.4,Abbas Tyrewala,"['Imran Khan', 'Genelia Deshmukh', 'Manjari Fadnnis', 'Ayaz Khan']","https://m.media-amazon.com/images/M/MV5BNDUxYTFiODktNDI5NC00YmI1LThiMWUtN2FjYTU2ZTQ5ODQ1XkEyXkFqcGdeQXVyODE5NzE3OTE@._V1_UY209_CR2,0,140,209_AL_.jpg"
Delhi Belly,(2011),"Action, Comedy, Crime",7.5,Abhinay Deo,"['Akshat Verma', 'Imran Khan', 'Vir Das', 'Kunaal Roy Kapur', 'Shenaz Treasury']","https://m.media-amazon.com/images/M/MV5BZjJmOTNjNDgtY2E3ZC00OTRmLTlmYWItNjRkMzQ4NzZlY2M2XkEyXkFqcGdeQXVyODE5NzE3OTE@._V1_UY209_CR2,0,140,209_AL_.jpg"
Wake Up Sid,(2009),"Comedy, Drama, Romance",7.6,Ayan Mukerji,"['Ranbir Kapoor', 'Konkona Sen Sharma', 'Supriya Pathak', 'Anupam Kher']","https://m.media-amazon.com/images/M/MV5BMDc1ZDBkODMtYjI0MC00NDcyLWFhMGUtYzM4NDQyMzgyYzg1XkEyXkFqcGdeQXVyODE5NzE3OTE@._V1_UY209_CR2,0,140,209_AL_.jpg"
Rangeela,(1995),"Comedy, Drama, Musical",7.4,Ram Gopal Varma,"['Aamir Khan', 'Urmila Matondkar', 'Jackie Shroff', 'Gulshan Grover']","https://m.media-amazon.com/images/M/MV5BNmQxOWQ5NzgtMjVkNS00NDJiLTg1NzgtY2FkY2FlNzFjYTEwXkEyXkFqcGdeQXVyMTAxNjY4MzY2._V1_UY209_CR6,0,140,209_AL_.jpg"
Shatranj Ke Khilari,(1977),"Comedy, Drama, History",7.5,Satyajit Ray,"['Sanjeev Kumar', 'Saeed Jaffrey', 'Shabana Azmi', 'Farida Jalal']","https://m.media-amazon.com/images/M/MV5BMWJhYTY5Y2EtODU5NC00MzRmLWFhMDgtNmQ5OTE2YjBlMjNlXkEyXkFqcGdeQXVyNjMwMjk0MTQ@._V1_UY209_CR6,0,140,209_AL_.jpg"
Pyaar Ka Punchnama,(2011),"Comedy, Drama, Romance",7.6,Luv Ranjan,"['Kartik Aaryan', 'Ashish Chhipa', 'Raayo S. Bakhirta', 'Divyendu Sharma']","https://m.media-amazon.com/images/M/MV5BNDI4MmJkM2ItYjZjMC00MzYxLWIwZWEtYzE5YWZhYmExM2I5XkEyXkFqcGdeQXVyODE5NzE3OTE@._V1_UY209_CR2,0,140,209_AL_.jpg"
Ek Hasina Thi,(2004),"Action, Crime, Drama",7.5,Sriram Raghavan,"['Saif Ali Khan', 'Urmila Matondkar', 'Seema Biswas', 'Aditya Srivastav']","https://m.media-amazon.com/images/M/MV5BYjhiZmZjYTAtY2M4Zi00YWMzLTg0YTctZjVhOTc0MjhkYTRhXkEyXkFqcGdeQXVyODE5NzE3OTE@._V1_UY209_CR2,0,140,209_AL_.jpg"
